group,variable,value
2-Jan-19,AGRO,0.15
2-Jan-19,CONSUMP,1.14
2-Jan-19,FINCIAL,0.39
2-Jan-19,INDUS,0.62
2-Jan-19,PROPCON,0.22
2-Jan-19,RESOURC,0.1
2-Jan-19,SERVICE,0.25
2-Jan-19,TECH,0.01
3-Jan-19,AGRO,0.13
3-Jan-19,CONSUMP,0.9
3-Jan-19,FINCIAL,0.15
3-Jan-19,INDUS,1.11
3-Jan-19,PROPCON,0.39
3-Jan-19,RESOURC,0.43
3-Jan-19,SERVICE,0.68
3-Jan-19,TECH,0.33
4-Jan-19,AGRO,0.12
4-Jan-19,CONSUMP,0.42
4-Jan-19,FINCIAL,0.21
4-Jan-19,INDUS,1.49
4-Jan-19,PROPCON,0.46
4-Jan-19,RESOURC,2.43
4-Jan-19,SERVICE,0.83
4-Jan-19,TECH,1.19
7-Jan-19,AGRO,1.07
7-Jan-19,CONSUMP,0.2
7-Jan-19,FINCIAL,1.31
7-Jan-19,INDUS,0.83
7-Jan-19,PROPCON,0.54
7-Jan-19,RESOURC,1.94
7-Jan-19,SERVICE,0.74
7-Jan-19,TECH,1.03
8-Jan-19,AGRO,0.39
8-Jan-19,CONSUMP,0.53
8-Jan-19,FINCIAL,0.04
8-Jan-19,INDUS,0.24
8-Jan-19,PROPCON,0.11
8-Jan-19,RESOURC,0.2
8-Jan-19,SERVICE,0.09
8-Jan-19,TECH,0.42
9-Jan-19,AGRO,0.2
9-Jan-19,CONSUMP,0.14
9-Jan-19,FINCIAL,0.05
9-Jan-19,INDUS,0.55
9-Jan-19,PROPCON,0.16
9-Jan-19,RESOURC,0.07
9-Jan-19,SERVICE,0.84
9-Jan-19,TECH,0.1
10-Jan-19,AGRO,0.79
10-Jan-19,CONSUMP,0.21
10-Jan-19,FINCIAL,0.76
10-Jan-19,INDUS,0.14
10-Jan-19,PROPCON,0.17
10-Jan-19,RESOURC,0.48
10-Jan-19,SERVICE,0.07
10-Jan-19,TECH,2.15
11-Jan-19,AGRO,0.4
11-Jan-19,CONSUMP,0.51
11-Jan-19,FINCIAL,0.05
11-Jan-19,INDUS,0.28
11-Jan-19,PROPCON,0.49
11-Jan-19,RESOURC,0.75
11-Jan-19,SERVICE,1.86
11-Jan-19,TECH,1.31
14-Jan-19,AGRO,0.47
14-Jan-19,CONSUMP,0.79
14-Jan-19,FINCIAL,0.43
14-Jan-19,INDUS,5.1
14-Jan-19,PROPCON,0.36
14-Jan-19,RESOURC,1.74
14-Jan-19,SERVICE,0.06
14-Jan-19,TECH,0.61
15-Jan-19,AGRO,0.27
15-Jan-19,CONSUMP,0.19
15-Jan-19,FINCIAL,0.45
15-Jan-19,INDUS,0.29
15-Jan-19,PROPCON,0.19
15-Jan-19,RESOURC,0.69
15-Jan-19,SERVICE,0.78
15-Jan-19,TECH,0.58
16-Jan-19,AGRO,0.08
16-Jan-19,CONSUMP,0.09
16-Jan-19,FINCIAL,0.29
16-Jan-19,INDUS,0.56
16-Jan-19,PROPCON,0.6
16-Jan-19,RESOURC, -
16-Jan-19,SERVICE,0.35
16-Jan-19,TECH,0.57
17-Jan-19,AGRO,0.71
17-Jan-19,CONSUMP,0.11
17-Jan-19,FINCIAL,0.11
17-Jan-19,INDUS,0.72
17-Jan-19,PROPCON,0.85
17-Jan-19,RESOURC,0.12
17-Jan-19,SERVICE,0.1
17-Jan-19,TECH,0.4
18-Jan-19,AGRO,0.23
18-Jan-19,CONSUMP,0.23
18-Jan-19,FINCIAL,2.34
18-Jan-19,INDUS,1.47
18-Jan-19,PROPCON,0.51
18-Jan-19,RESOURC,1.39
18-Jan-19,SERVICE,0.38
18-Jan-19,TECH,0.42
21-Jan-19,AGRO,0.19
21-Jan-19,CONSUMP,0.14
21-Jan-19,FINCIAL,1.14
21-Jan-19,INDUS,1.37
21-Jan-19,PROPCON,0.17
21-Jan-19,RESOURC,1.01
21-Jan-19,SERVICE,0.67
21-Jan-19,TECH,0.14
22-Jan-19,AGRO,1.5
22-Jan-19,CONSUMP,0.41
22-Jan-19,FINCIAL,0.7
22-Jan-19,INDUS,0.77
22-Jan-19,PROPCON,0.44
22-Jan-19,RESOURC,1.14
22-Jan-19,SERVICE,1.1
22-Jan-19,TECH,0.11
23-Jan-19,AGRO,0.02
23-Jan-19,CONSUMP,0.17
23-Jan-19,FINCIAL,1.41
23-Jan-19,INDUS,0.39
23-Jan-19,PROPCON,0.98
23-Jan-19,RESOURC,0.34
23-Jan-19,SERVICE,1.23
23-Jan-19,TECH,2.72
24-Jan-19,AGRO,1.08
24-Jan-19,CONSUMP,0.36
24-Jan-19,FINCIAL,0.52
24-Jan-19,INDUS,1.2
24-Jan-19,PROPCON,0.45
24-Jan-19,RESOURC,0.63
24-Jan-19,SERVICE,0.55
24-Jan-19,TECH,0.53
25-Jan-19,AGRO,0.41
25-Jan-19,CONSUMP,0.5
25-Jan-19,FINCIAL,0.02
25-Jan-19,INDUS,2.01
25-Jan-19,PROPCON,0.98
25-Jan-19,RESOURC,0.03
25-Jan-19,SERVICE,0.32
25-Jan-19,TECH,0.58
28-Jan-19,AGRO,0.76
28-Jan-19,CONSUMP,1.08
28-Jan-19,FINCIAL,0.61
28-Jan-19,INDUS,0.95
28-Jan-19,PROPCON,0.86
28-Jan-19,RESOURC,0.46
28-Jan-19,SERVICE,0.45
28-Jan-19,TECH,0.49
29-Jan-19,AGRO,0.13
29-Jan-19,CONSUMP,0.43
29-Jan-19,FINCIAL,0.02
29-Jan-19,INDUS,0.88
29-Jan-19,PROPCON,0.02
29-Jan-19,RESOURC,1.15
29-Jan-19,SERVICE,0.23
29-Jan-19,TECH,0.91
30-Jan-19,AGRO,0.85
30-Jan-19,CONSUMP,1.14
30-Jan-19,FINCIAL,0.19
30-Jan-19,INDUS,0.7
30-Jan-19,PROPCON,0.45
30-Jan-19,RESOURC,0.91
30-Jan-19,SERVICE,0.45
30-Jan-19,TECH,0.17
31-Jan-19,AGRO,0.2
31-Jan-19,CONSUMP,0.23
31-Jan-19,FINCIAL,1.76
31-Jan-19,INDUS,1.66
31-Jan-19,PROPCON,0.37
31-Jan-19,RESOURC,0.79
31-Jan-19,SERVICE,0.44
31-Jan-19,TECH,0.59
1-Feb-19,AGRO,0.22
1-Feb-19,CONSUMP,0.2
1-Feb-19,FINCIAL,0.56
1-Feb-19,INDUS,1.37
1-Feb-19,PROPCON,0.37
1-Feb-19,RESOURC,1.08
1-Feb-19,SERVICE,0.11
1-Feb-19,TECH,0.99
4-Feb-19,AGRO,0.27
4-Feb-19,CONSUMP,0.25
4-Feb-19,FINCIAL,0.11
4-Feb-19,INDUS,0.43
4-Feb-19,PROPCON,0.15
4-Feb-19,RESOURC,0.2
4-Feb-19,SERVICE,0.11
4-Feb-19,TECH,0.28
5-Feb-19,AGRO,0.34
5-Feb-19,CONSUMP,0.28
5-Feb-19,FINCIAL,0.12
5-Feb-19,INDUS,0.43
5-Feb-19,PROPCON,0.04
5-Feb-19,RESOURC,0.02
5-Feb-19,SERVICE,0.24
5-Feb-19,TECH,0.32
6-Feb-19,AGRO,0.07
6-Feb-19,CONSUMP,0.31
6-Feb-19,FINCIAL,0.61
6-Feb-19,INDUS,0.04
6-Feb-19,PROPCON,0.42
6-Feb-19,RESOURC,0.05
6-Feb-19,SERVICE,0.45
6-Feb-19,TECH,0.52
7-Feb-19,AGRO,0.17
7-Feb-19,CONSUMP,0.03
7-Feb-19,FINCIAL,0.15
7-Feb-19,INDUS,0.1
7-Feb-19,PROPCON,0.48
7-Feb-19,RESOURC,0.02
7-Feb-19,SERVICE,1.12
7-Feb-19,TECH,0.62
8-Feb-19,AGRO,0.73
8-Feb-19,CONSUMP,0.59
8-Feb-19,FINCIAL,0.42
8-Feb-19,INDUS,0.8
8-Feb-19,PROPCON,0.36
8-Feb-19,RESOURC,0.66
8-Feb-19,SERVICE,0.17
8-Feb-19,TECH,1.42
11-Feb-19,AGRO,0.54
11-Feb-19,CONSUMP,0.52
11-Feb-19,FINCIAL,0.71
11-Feb-19,INDUS,0.67
11-Feb-19,PROPCON,0.66
11-Feb-19,RESOURC,0.69
11-Feb-19,SERVICE,0.79
11-Feb-19,TECH,2.06
12-Feb-19,AGRO,1.03
12-Feb-19,CONSUMP,0.33
12-Feb-19,FINCIAL,0.28
12-Feb-19,INDUS,0.45
12-Feb-19,PROPCON,0.02
12-Feb-19,RESOURC,0.34
12-Feb-19,SERVICE,0.49
12-Feb-19,TECH,0.13
13-Feb-19,AGRO,0.96
13-Feb-19,CONSUMP,0.16
13-Feb-19,FINCIAL,0.33
13-Feb-19,INDUS,1.55
13-Feb-19,PROPCON,0.59
13-Feb-19,RESOURC,1.21
13-Feb-19,SERVICE,0.65
13-Feb-19,TECH,1
14-Feb-19,AGRO,0.06
14-Feb-19,CONSUMP,0.09
14-Feb-19,FINCIAL,0.24
14-Feb-19,INDUS,0.46
14-Feb-19,PROPCON,0.12
14-Feb-19,RESOURC,0.66
14-Feb-19,SERVICE,0.16
14-Feb-19,TECH,0.89
15-Feb-19,AGRO,1.13
15-Feb-19,CONSUMP,0.84
15-Feb-19,FINCIAL,0.81
15-Feb-19,INDUS,0.68
15-Feb-19,PROPCON,1.34
15-Feb-19,RESOURC,0.99
15-Feb-19,SERVICE,0.8
15-Feb-19,TECH,0.96
18-Feb-19,AGRO,0.24
18-Feb-19,CONSUMP,0.03
18-Feb-19,FINCIAL,0.19
18-Feb-19,INDUS,0.06
18-Feb-19,PROPCON,0.04
18-Feb-19,RESOURC,0.2
18-Feb-19,SERVICE,0.2
18-Feb-19,TECH,0.24
20-Feb-19,AGRO,0.04
20-Feb-19,CONSUMP,0.11
20-Feb-19,FINCIAL,0.22
20-Feb-19,INDUS,2.01
20-Feb-19,PROPCON,0.44
20-Feb-19,RESOURC,0.97
20-Feb-19,SERVICE,0.94
20-Feb-19,TECH,0.8
21-Feb-19,AGRO,0.79
21-Feb-19,CONSUMP,0.22
21-Feb-19,FINCIAL,0.52
21-Feb-19,INDUS,0.13
21-Feb-19,PROPCON,0.45
21-Feb-19,RESOURC,0.17
21-Feb-19,SERVICE,0.23
21-Feb-19,TECH,0.25
22-Feb-19,AGRO,0.35
22-Feb-19,CONSUMP,0.14
22-Feb-19,FINCIAL,0.32
22-Feb-19,INDUS,1.4
22-Feb-19,PROPCON,0.77
22-Feb-19,RESOURC,0.76
22-Feb-19,SERVICE,0.95
22-Feb-19,TECH,0.54
25-Feb-19,AGRO,0.66
25-Feb-19,CONSUMP,0.02
25-Feb-19,FINCIAL,0.64
25-Feb-19,INDUS,2.37
25-Feb-19,PROPCON,0.53
25-Feb-19,RESOURC,0.56
25-Feb-19,SERVICE,0.72
25-Feb-19,TECH,1.07
26-Feb-19,AGRO,0.49
26-Feb-19,CONSUMP,0.81
26-Feb-19,FINCIAL,0.18
26-Feb-19,INDUS,1.35
26-Feb-19,PROPCON,0.84
26-Feb-19,RESOURC,1.1
26-Feb-19,SERVICE,0.28
26-Feb-19,TECH,0.86
27-Feb-19,AGRO,1.08
27-Feb-19,CONSUMP,0.04
27-Feb-19,FINCIAL,0.18
27-Feb-19,INDUS,1.62
27-Feb-19,PROPCON,0.07
27-Feb-19,RESOURC,0.51
27-Feb-19,SERVICE,0.46
27-Feb-19,TECH,0.3
28-Feb-19,AGRO,0.3
28-Feb-19,CONSUMP,1.11
28-Feb-19,FINCIAL,0.46
28-Feb-19,INDUS,1.03
28-Feb-19,PROPCON,0.43
28-Feb-19,RESOURC,1.16
28-Feb-19,SERVICE,0.78
28-Feb-19,TECH,0.52
1-Mar-19,AGRO,0.73
1-Mar-19,CONSUMP,0.91
1-Mar-19,FINCIAL,0.84
1-Mar-19,INDUS,0.97
1-Mar-19,PROPCON,0.8
1-Mar-19,RESOURC,0.54
1-Mar-19,SERVICE,0.31
1-Mar-19,TECH,1.85
4-Mar-19,AGRO,0.27
4-Mar-19,CONSUMP,0.26
4-Mar-19,FINCIAL,0.41
4-Mar-19,INDUS,0.55
4-Mar-19,PROPCON,0.19
4-Mar-19,RESOURC,0.43
4-Mar-19,SERVICE,0.5
4-Mar-19,TECH,0.13
5-Mar-19,AGRO,0.12
5-Mar-19,CONSUMP,0.7
5-Mar-19,FINCIAL,0.16
5-Mar-19,INDUS,1.13
5-Mar-19,PROPCON,0.28
5-Mar-19,RESOURC,0.52
5-Mar-19,SERVICE,0.27
5-Mar-19,TECH,0.29
6-Mar-19,AGRO,0.77
6-Mar-19,CONSUMP,0.07
6-Mar-19,FINCIAL,1.18
6-Mar-19,INDUS,1
6-Mar-19,PROPCON,0.68
6-Mar-19,RESOURC,1.15
6-Mar-19,SERVICE,0.51
6-Mar-19,TECH,0.48
7-Mar-19,AGRO,0.61
7-Mar-19,CONSUMP,0.37
7-Mar-19,FINCIAL,0.57
7-Mar-19,INDUS,0.36
7-Mar-19,PROPCON,0.28
7-Mar-19,RESOURC,0.33
7-Mar-19,SERVICE,0.74
7-Mar-19,TECH,0.25
8-Mar-19,AGRO,0.33
8-Mar-19,CONSUMP,0.25
8-Mar-19,FINCIAL,0.13
8-Mar-19,INDUS,0.7
8-Mar-19,PROPCON,0.1
8-Mar-19,RESOURC,0.44
8-Mar-19,SERVICE,0.17
8-Mar-19,TECH,0.49
11-Mar-19,AGRO,0.32
11-Mar-19,CONSUMP,0.73
11-Mar-19,FINCIAL,0.14
11-Mar-19,INDUS,0.54
11-Mar-19,PROPCON,0.13
11-Mar-19,RESOURC,0.67
11-Mar-19,SERVICE,0.02
11-Mar-19,TECH,0.2
12-Mar-19,AGRO,0.01
12-Mar-19,CONSUMP, -
12-Mar-19,FINCIAL,0.25
12-Mar-19,INDUS,0.31
12-Mar-19,PROPCON,0.01
12-Mar-19,RESOURC,0.21
12-Mar-19,SERVICE,0.02
12-Mar-19,TECH,0.32
13-Mar-19,AGRO,1.13
13-Mar-19,CONSUMP,0.55
13-Mar-19,FINCIAL,0.34
13-Mar-19,INDUS,0.02
13-Mar-19,PROPCON,0.39
13-Mar-19,RESOURC,0.92
13-Mar-19,SERVICE,1.11
13-Mar-19,TECH,0.77
14-Mar-19,AGRO,0.08
14-Mar-19,CONSUMP,0.39
14-Mar-19,FINCIAL,0.19
14-Mar-19,INDUS,0.39
14-Mar-19,PROPCON,0.08
14-Mar-19,RESOURC,0.05
14-Mar-19,SERVICE,0.48
14-Mar-19,TECH,0.51
15-Mar-19,AGRO,0.12
15-Mar-19,CONSUMP,0.09
15-Mar-19,FINCIAL,0.62
15-Mar-19,INDUS,0.15
15-Mar-19,PROPCON,0.64
15-Mar-19,RESOURC,0.29
15-Mar-19,SERVICE,1.29
15-Mar-19,TECH,0.25
18-Mar-19,AGRO,1.24
18-Mar-19,CONSUMP,0.11
18-Mar-19,FINCIAL,0.06
18-Mar-19,INDUS,0.43
18-Mar-19,PROPCON,0.35
18-Mar-19,RESOURC,0.41
18-Mar-19,SERVICE,0.82
18-Mar-19,TECH,0.52
19-Mar-19,AGRO,0.02
19-Mar-19,CONSUMP,0.52
19-Mar-19,FINCIAL,0.83
19-Mar-19,INDUS,0.95
19-Mar-19,PROPCON,0.48
19-Mar-19,RESOURC,1.24
19-Mar-19,SERVICE,0.76
19-Mar-19,TECH,0.49
20-Mar-19,AGRO,0.01
20-Mar-19,CONSUMP,0.06
20-Mar-19,FINCIAL,0.06
20-Mar-19,INDUS,0.73
20-Mar-19,PROPCON,0.15
20-Mar-19,RESOURC,0.28
20-Mar-19,SERVICE,0.05
20-Mar-19,TECH,0.33
21-Mar-19,AGRO,0.69
21-Mar-19,CONSUMP,0.24
21-Mar-19,FINCIAL,0.2
21-Mar-19,INDUS,0.85
21-Mar-19,PROPCON,0.18
21-Mar-19,RESOURC,0.64
21-Mar-19,SERVICE,0.01
21-Mar-19,TECH,1.11
22-Mar-19,AGRO,0.43
22-Mar-19,CONSUMP,0.04
22-Mar-19,FINCIAL,0.86
22-Mar-19,INDUS,1.05
22-Mar-19,PROPCON,0.69
22-Mar-19,RESOURC,0.95
22-Mar-19,SERVICE,0.58
22-Mar-19,TECH,0.74
25-Mar-19,AGRO,1.07
25-Mar-19,CONSUMP,0.64
25-Mar-19,FINCIAL,1.23
25-Mar-19,INDUS,1.86
25-Mar-19,PROPCON,0.45
25-Mar-19,RESOURC,1.64
25-Mar-19,SERVICE,1.18
25-Mar-19,TECH,1.5
26-Mar-19,AGRO,0.03
26-Mar-19,CONSUMP,0.03
26-Mar-19,FINCIAL,0.33
26-Mar-19,INDUS,0.73
26-Mar-19,PROPCON,0.27
26-Mar-19,RESOURC,0.6
26-Mar-19,SERVICE,0.33
26-Mar-19,TECH,0.45
27-Mar-19,AGRO,0.68
27-Mar-19,CONSUMP,0.28
27-Mar-19,FINCIAL,0.08
27-Mar-19,INDUS,0.22
27-Mar-19,PROPCON,0.04
27-Mar-19,RESOURC,0.3
27-Mar-19,SERVICE,0.16
27-Mar-19,TECH,0.08
28-Mar-19,AGRO,0.62
28-Mar-19,CONSUMP,0.23
28-Mar-19,FINCIAL,0.41
28-Mar-19,INDUS,0.03
28-Mar-19,PROPCON,0.43
28-Mar-19,RESOURC,0.26
28-Mar-19,SERVICE,0.45
28-Mar-19,TECH,0.98
29-Mar-19,AGRO,0.41
29-Mar-19,CONSUMP,0.3
29-Mar-19,FINCIAL,0.07
29-Mar-19,INDUS,0.4
29-Mar-19,PROPCON,0.26
29-Mar-19,RESOURC,0.46
29-Mar-19,SERVICE,0.49
29-Mar-19,TECH,0.36
1-Apr-19,AGRO,0.06
1-Apr-19,CONSUMP,0.19
1-Apr-19,FINCIAL,0.12
1-Apr-19,INDUS,0.49
1-Apr-19,PROPCON,0.8
1-Apr-19,RESOURC,0.68
1-Apr-19,SERVICE,0.17
1-Apr-19,TECH,0.7
2-Apr-19,AGRO,0.78
2-Apr-19,CONSUMP,0.46
2-Apr-19,FINCIAL,0.56
2-Apr-19,INDUS,0.56
2-Apr-19,PROPCON,0.14
2-Apr-19,RESOURC,0.43
2-Apr-19,SERVICE,0.36
2-Apr-19,TECH,0.44
3-Apr-19,AGRO,0.58
3-Apr-19,CONSUMP,0.28
3-Apr-19,FINCIAL,0.02
3-Apr-19,INDUS,0.81
3-Apr-19,PROPCON,0.96
3-Apr-19,RESOURC,0.33
3-Apr-19,SERVICE,0.3
3-Apr-19,TECH,0.12
4-Apr-19,AGRO,0.41
4-Apr-19,CONSUMP,0.88
4-Apr-19,FINCIAL,0.07
4-Apr-19,INDUS,0.72
4-Apr-19,PROPCON,0.38
4-Apr-19,RESOURC,0.51
4-Apr-19,SERVICE,0.49
4-Apr-19,TECH,0.88
5-Apr-19,AGRO,0.08
5-Apr-19,CONSUMP,0.05
5-Apr-19,FINCIAL,0.26
5-Apr-19,INDUS,0.02
5-Apr-19,PROPCON,0.26
5-Apr-19,RESOURC,0.34
5-Apr-19,SERVICE,0.49
5-Apr-19,TECH, -
9-Apr-19,AGRO,0.43
9-Apr-19,CONSUMP,0.25
9-Apr-19,FINCIAL,0.53
9-Apr-19,INDUS,1.77
9-Apr-19,PROPCON,0.34
9-Apr-19,RESOURC,1.16
9-Apr-19,SERVICE,0.4
9-Apr-19,TECH,0.92
10-Apr-19,AGRO,1.16
10-Apr-19,CONSUMP,0.54
10-Apr-19,FINCIAL,0.44
10-Apr-19,INDUS,0.26
10-Apr-19,PROPCON,0.1
10-Apr-19,RESOURC,0.41
10-Apr-19,SERVICE,0.29
10-Apr-19,TECH,1.05
11-Apr-19,AGRO,0.53
11-Apr-19,CONSUMP,0.09
11-Apr-19,FINCIAL,0.19
11-Apr-19,INDUS,0.04
11-Apr-19,PROPCON,0.6
11-Apr-19,RESOURC,0.24
11-Apr-19,SERVICE, -
11-Apr-19,TECH,0.44
12-Apr-19,AGRO,0.15
12-Apr-19,CONSUMP,0.64
12-Apr-19,FINCIAL,0.2
12-Apr-19,INDUS,0.48
12-Apr-19,PROPCON,0.28
12-Apr-19,RESOURC,0.01
12-Apr-19,SERVICE,0.23
12-Apr-19,TECH,0.27
17-Apr-19,AGRO,0.9
17-Apr-19,CONSUMP,0.16
17-Apr-19,FINCIAL,0.67
17-Apr-19,INDUS,0.1
17-Apr-19,PROPCON,1.09
17-Apr-19,RESOURC,0.77
17-Apr-19,SERVICE,0.78
17-Apr-19,TECH,0.85
18-Apr-19,AGRO,0.79
18-Apr-19,CONSUMP,0.56
18-Apr-19,FINCIAL,0.12
18-Apr-19,INDUS,1
18-Apr-19,PROPCON,0.01
18-Apr-19,RESOURC,0.41
18-Apr-19,SERVICE,0.25
18-Apr-19,TECH,0.32
19-Apr-19,AGRO,0.36
19-Apr-19,CONSUMP,0.05
19-Apr-19,FINCIAL,0.1
19-Apr-19,INDUS,1.07
19-Apr-19,PROPCON,0.05
19-Apr-19,RESOURC,0.07
19-Apr-19,SERVICE,0.01
19-Apr-19,TECH,0.64
22-Apr-19,AGRO,0.07
22-Apr-19,CONSUMP,0.71
22-Apr-19,FINCIAL,0.03
22-Apr-19,INDUS,0.05
22-Apr-19,PROPCON,0.01
22-Apr-19,RESOURC,0.59
22-Apr-19,SERVICE,0.27
22-Apr-19,TECH,1.06
23-Apr-19,AGRO,0.03
23-Apr-19,CONSUMP,0.63
23-Apr-19,FINCIAL,0.76
23-Apr-19,INDUS,0.68
23-Apr-19,PROPCON,0.57
23-Apr-19,RESOURC,0.32
23-Apr-19,SERVICE,0.04
23-Apr-19,TECH,0.54
24-Apr-19,AGRO,0.06
24-Apr-19,CONSUMP,0.04
24-Apr-19,FINCIAL,0.38
24-Apr-19,INDUS,1.04
24-Apr-19,PROPCON,0.09
24-Apr-19,RESOURC, -
24-Apr-19,SERVICE,0.2
24-Apr-19,TECH,0.91
25-Apr-19,AGRO,0.77
25-Apr-19,CONSUMP,0.66
25-Apr-19,FINCIAL,0.1
25-Apr-19,INDUS,0.5
25-Apr-19,PROPCON,0.28
25-Apr-19,RESOURC,0.29
25-Apr-19,SERVICE,0.3
25-Apr-19,TECH,0.76
26-Apr-19,AGRO,0.23
26-Apr-19,CONSUMP,0.05
26-Apr-19,FINCIAL,0.37
26-Apr-19,INDUS,0.73
26-Apr-19,PROPCON,0.29
26-Apr-19,RESOURC,0.4
26-Apr-19,SERVICE,0.03
26-Apr-19,TECH,1.29
29-Apr-19,AGRO,0.18
29-Apr-19,CONSUMP,0.58
29-Apr-19,FINCIAL,0.36
29-Apr-19,INDUS,0.54
29-Apr-19,PROPCON,0.39
29-Apr-19,RESOURC,0.69
29-Apr-19,SERVICE,0.42
29-Apr-19,TECH,0.51
30-Apr-19,AGRO,0.88
30-Apr-19,CONSUMP,0.8
30-Apr-19,FINCIAL,0.31
30-Apr-19,INDUS,0.54
30-Apr-19,PROPCON,0.34
30-Apr-19,RESOURC,0.61
30-Apr-19,SERVICE,0.2
30-Apr-19,TECH,0.41
2-May-19,AGRO,1.18
2-May-19,CONSUMP,0.57
2-May-19,FINCIAL,0.43
2-May-19,INDUS,0.22
2-May-19,PROPCON,0.04
2-May-19,RESOURC,0.47
2-May-19,SERVICE,0.26
2-May-19,TECH,0.24
3-May-19,AGRO,0.6
3-May-19,CONSUMP,0.25
3-May-19,FINCIAL,0.04
3-May-19,INDUS,0.29
3-May-19,PROPCON,0.28
3-May-19,RESOURC,0.1
3-May-19,SERVICE,0.21
3-May-19,TECH,0.62
7-May-19,AGRO,0.17
7-May-19,CONSUMP,0.37
7-May-19,FINCIAL,0.2
7-May-19,INDUS,0.11
7-May-19,PROPCON,0.38
7-May-19,RESOURC,0.64
7-May-19,SERVICE,1
7-May-19,TECH,0.67
8-May-19,AGRO,1.34
8-May-19,CONSUMP,0.64
8-May-19,FINCIAL,1.08
8-May-19,INDUS,0.27
8-May-19,PROPCON,0.88
8-May-19,RESOURC,1.76
8-May-19,SERVICE,0.57
8-May-19,TECH,0.12
9-May-19,AGRO,1.01
9-May-19,CONSUMP,0.17
9-May-19,FINCIAL,0.36
9-May-19,INDUS,0.73
9-May-19,PROPCON,0.02
9-May-19,RESOURC,0.65
9-May-19,SERVICE,0.49
9-May-19,TECH,0.01
10-May-19,AGRO,0.34
10-May-19,CONSUMP,0.34
10-May-19,FINCIAL,0.26
10-May-19,INDUS,0.19
10-May-19,PROPCON,0.02
10-May-19,RESOURC,0.3
10-May-19,SERVICE,0.13
10-May-19,TECH,0.35
13-May-19,AGRO,0.1
13-May-19,CONSUMP,0.95
13-May-19,FINCIAL,0.49
13-May-19,INDUS,2.03
13-May-19,PROPCON,0.24
13-May-19,RESOURC,0.78
13-May-19,SERVICE,0.4
13-May-19,TECH,0.14
14-May-19,AGRO,0.61
14-May-19,CONSUMP,0.26
14-May-19,FINCIAL,0.09
14-May-19,INDUS,0.32
14-May-19,PROPCON,0.18
14-May-19,RESOURC,0.46
14-May-19,SERVICE,0.4
14-May-19,TECH,0.87
15-May-19,AGRO,1.34
15-May-19,CONSUMP,1.21
15-May-19,FINCIAL,0.79
15-May-19,INDUS,0.77
15-May-19,PROPCON,0.32
15-May-19,RESOURC,0.76
15-May-19,SERVICE,0.78
15-May-19,TECH,1.02
16-May-19,AGRO,0.19
16-May-19,CONSUMP,0.2
16-May-19,FINCIAL,0.46
16-May-19,INDUS,0.55
16-May-19,PROPCON,0.01
16-May-19,RESOURC,0.94
16-May-19,SERVICE,0.14
16-May-19,TECH,0.69
17-May-19,AGRO,0.32
17-May-19,CONSUMP,0.5
17-May-19,FINCIAL,0.2
17-May-19,INDUS,1.22
17-May-19,PROPCON,0.22
17-May-19,RESOURC,0.88
17-May-19,SERVICE,0.18
17-May-19,TECH,0.65
21-May-19,AGRO,0.35
21-May-19,CONSUMP,0.83
21-May-19,FINCIAL,0.6
21-May-19,INDUS,1.04
21-May-19,PROPCON,0.31
21-May-19,RESOURC,0.08
21-May-19,SERVICE,0.02
21-May-19,TECH,0.57
22-May-19,AGRO,1.06
22-May-19,CONSUMP,0.25
22-May-19,FINCIAL,1.36
22-May-19,INDUS,0.87
22-May-19,PROPCON,1.53
22-May-19,RESOURC,0.82
22-May-19,SERVICE,1.12
22-May-19,TECH,0.08
23-May-19,AGRO,0.97
23-May-19,CONSUMP,0.49
23-May-19,FINCIAL,0.66
23-May-19,INDUS,2.33
23-May-19,PROPCON,1.27
23-May-19,RESOURC,1.41
23-May-19,SERVICE,0.74
23-May-19,TECH,0.88
24-May-19,AGRO,1.48
24-May-19,CONSUMP,0.09
24-May-19,FINCIAL,0.49
24-May-19,INDUS,0.41
24-May-19,PROPCON,0.56
24-May-19,RESOURC,0.2
24-May-19,SERVICE,0.06
24-May-19,TECH,0.21
27-May-19,AGRO,0.74
27-May-19,CONSUMP,0.24
27-May-19,FINCIAL,0.5
27-May-19,INDUS,0.99
27-May-19,PROPCON,0.74
27-May-19,RESOURC,0.54
27-May-19,SERVICE,1.08
27-May-19,TECH,0.26
28-May-19,AGRO,0.1
28-May-19,CONSUMP,0.58
28-May-19,FINCIAL,0.42
28-May-19,INDUS,1.34
28-May-19,PROPCON,0.31
28-May-19,RESOURC,1.39
28-May-19,SERVICE,0.51
28-May-19,TECH,0.6
29-May-19,AGRO,0.52
29-May-19,CONSUMP,0.15
29-May-19,FINCIAL,0.54
29-May-19,INDUS,0.3
29-May-19,PROPCON,0.74
29-May-19,RESOURC,0.81
29-May-19,SERVICE,1.24
29-May-19,TECH,0.34
30-May-19,AGRO,0.28
30-May-19,CONSUMP,0.11
30-May-19,FINCIAL,0.05
30-May-19,INDUS,0.12
30-May-19,PROPCON,0.1
30-May-19,RESOURC,0.5
30-May-19,SERVICE,0.03
30-May-19,TECH,0.49
31-May-19,AGRO,1.14
31-May-19,CONSUMP,0.24
31-May-19,FINCIAL,0.62
31-May-19,INDUS,0.7
31-May-19,PROPCON,0.06
31-May-19,RESOURC,0.03
31-May-19,SERVICE,1.14
31-May-19,TECH,0.9
4-Jun-19,AGRO,0.9
4-Jun-19,CONSUMP,0.44
4-Jun-19,FINCIAL,1.15
4-Jun-19,INDUS,0.29
4-Jun-19,PROPCON,1.33
4-Jun-19,RESOURC,0.69
4-Jun-19,SERVICE,1.64
4-Jun-19,TECH,0.61
5-Jun-19,AGRO,0.82
5-Jun-19,CONSUMP,1.02
5-Jun-19,FINCIAL,0.96
5-Jun-19,INDUS,0.84
5-Jun-19,PROPCON,0.7
5-Jun-19,RESOURC,0.76
5-Jun-19,SERVICE,0.23
5-Jun-19,TECH,0.72
6-Jun-19,AGRO,0.35
6-Jun-19,CONSUMP,0.24
6-Jun-19,FINCIAL,0.3
6-Jun-19,INDUS,0.17
6-Jun-19,PROPCON,0.93
6-Jun-19,RESOURC,0.13
6-Jun-19,SERVICE,0.4
6-Jun-19,TECH,0.26
7-Jun-19,AGRO,0.44
7-Jun-19,CONSUMP,0.23
7-Jun-19,FINCIAL,0.55
7-Jun-19,INDUS,0.45
7-Jun-19,PROPCON,0.09
7-Jun-19,RESOURC,0.13
7-Jun-19,SERVICE,0.28
7-Jun-19,TECH,0.13
10-Jun-19,AGRO,0.76
10-Jun-19,CONSUMP,0.01
10-Jun-19,FINCIAL,0.67
10-Jun-19,INDUS,1.17
10-Jun-19,PROPCON,0.27
10-Jun-19,RESOURC,1.17
10-Jun-19,SERVICE,0.32
10-Jun-19,TECH,0.9
11-Jun-19,AGRO,0.5
11-Jun-19,CONSUMP,0.07
11-Jun-19,FINCIAL,0.31
11-Jun-19,INDUS,0.25
11-Jun-19,PROPCON,0.04
11-Jun-19,RESOURC,0.49
11-Jun-19,SERVICE,0.32
11-Jun-19,TECH,0.52
12-Jun-19,AGRO,0.14
12-Jun-19,CONSUMP,0.44
12-Jun-19,FINCIAL,0.36
12-Jun-19,INDUS,0.74
12-Jun-19,PROPCON,0.1
12-Jun-19,RESOURC,0.54
12-Jun-19,SERVICE,0.16
12-Jun-19,TECH,1.05
13-Jun-19,AGRO,0.43
13-Jun-19,CONSUMP,0.12
13-Jun-19,FINCIAL,0.36
13-Jun-19,INDUS,0.41
13-Jun-19,PROPCON,0.35
13-Jun-19,RESOURC,0.52
13-Jun-19,SERVICE,0.43
13-Jun-19,TECH,0.29
14-Jun-19,AGRO,0.15
14-Jun-19,CONSUMP,0.11
14-Jun-19,FINCIAL,0.39
14-Jun-19,INDUS,0.17
14-Jun-19,PROPCON,0.07
14-Jun-19,RESOURC,0.18
14-Jun-19,SERVICE,0.22
14-Jun-19,TECH,0.57
17-Jun-19,AGRO,1.06
17-Jun-19,CONSUMP,0.63
17-Jun-19,FINCIAL,0.27
17-Jun-19,INDUS,0.29
17-Jun-19,PROPCON,0.38
17-Jun-19,RESOURC,0.37
17-Jun-19,SERVICE,0.49
17-Jun-19,TECH,0.81
18-Jun-19,AGRO,1.22
18-Jun-19,CONSUMP,0.69
18-Jun-19,FINCIAL,0.14
18-Jun-19,INDUS,1.12
18-Jun-19,PROPCON,0.63
18-Jun-19,RESOURC,1.54
18-Jun-19,SERVICE,1.08
18-Jun-19,TECH,1.18
19-Jun-19,AGRO,0.74
19-Jun-19,CONSUMP,0.75
19-Jun-19,FINCIAL,0.99
19-Jun-19,INDUS,0.8
19-Jun-19,PROPCON,0.83
19-Jun-19,RESOURC,1.08
19-Jun-19,SERVICE,2.29
19-Jun-19,TECH,1.44
20-Jun-19,AGRO,0.23
20-Jun-19,CONSUMP,0.13
20-Jun-19,FINCIAL,0.44
20-Jun-19,INDUS,0.88
20-Jun-19,PROPCON,0.34
20-Jun-19,RESOURC,1.55
20-Jun-19,SERVICE,0.49
20-Jun-19,TECH,0.81
21-Jun-19,AGRO,0.38
21-Jun-19,CONSUMP,0.12
21-Jun-19,FINCIAL,0.44
21-Jun-19,INDUS,0.28
21-Jun-19,PROPCON,0.2
21-Jun-19,RESOURC,0.07
21-Jun-19,SERVICE,0.04
21-Jun-19,TECH,0.14
24-Jun-19,AGRO,0.75
24-Jun-19,CONSUMP,0.51
24-Jun-19,FINCIAL,0.17
24-Jun-19,INDUS,0.3
24-Jun-19,PROPCON,0.3
24-Jun-19,RESOURC,0.45
24-Jun-19,SERVICE,0.12
24-Jun-19,TECH,0.01
25-Jun-19,AGRO,0.63
25-Jun-19,CONSUMP,0.79
25-Jun-19,FINCIAL,0.14
25-Jun-19,INDUS,0.99
25-Jun-19,PROPCON,0.62
25-Jun-19,RESOURC,0.07
25-Jun-19,SERVICE,0.21
25-Jun-19,TECH,0.71
26-Jun-19,AGRO,0.02
26-Jun-19,CONSUMP,0.03
26-Jun-19,FINCIAL,0.04
26-Jun-19,INDUS,0.65
26-Jun-19,PROPCON,0.54
26-Jun-19,RESOURC,0.32
26-Jun-19,SERVICE,0.29
26-Jun-19,TECH,0.1
27-Jun-19,AGRO,1.16
27-Jun-19,CONSUMP,0.2
27-Jun-19,FINCIAL,0.19
27-Jun-19,INDUS,0.21
27-Jun-19,PROPCON,0.19
27-Jun-19,RESOURC,0.74
27-Jun-19,SERVICE,0.24
27-Jun-19,TECH,2.12
28-Jun-19,AGRO,0.17
28-Jun-19,CONSUMP,0.55
28-Jun-19,FINCIAL,0.12
28-Jun-19,INDUS,0.75
28-Jun-19,PROPCON,0.24
28-Jun-19,RESOURC,0.2
28-Jun-19,SERVICE,0.26
28-Jun-19,TECH,1.27
1-Jul-19,AGRO,0.6
1-Jul-19,CONSUMP,0.19
1-Jul-19,FINCIAL,0.86
1-Jul-19,INDUS,1.01
1-Jul-19,PROPCON,0.2
1-Jul-19,RESOURC,1.4
1-Jul-19,SERVICE,0.37
1-Jul-19,TECH,0.55
2-Jul-19,AGRO,0.02
2-Jul-19,CONSUMP,0.21
2-Jul-19,FINCIAL,0.38
2-Jul-19,INDUS,1.24
2-Jul-19,PROPCON,0.35
2-Jul-19,RESOURC,1.22
2-Jul-19,SERVICE,0.05
2-Jul-19,TECH,0.67
3-Jul-19,AGRO,1.49
3-Jul-19,CONSUMP,0.09
3-Jul-19,FINCIAL,0.06
3-Jul-19,INDUS,0.52
3-Jul-19,PROPCON,1.01
3-Jul-19,RESOURC,0.22
3-Jul-19,SERVICE,0.49
3-Jul-19,TECH,0.78
4-Jul-19,AGRO,0.88
4-Jul-19,CONSUMP,0.91
4-Jul-19,FINCIAL,0.74
4-Jul-19,INDUS,1.51
4-Jul-19,PROPCON,0.69
4-Jul-19,RESOURC,1.06
4-Jul-19,SERVICE,0.62
4-Jul-19,TECH,0.77
5-Jul-19,AGRO,0.84
5-Jul-19,CONSUMP,0.8
5-Jul-19,FINCIAL,0.16
5-Jul-19,INDUS,0.11
5-Jul-19,PROPCON,0.26
5-Jul-19,RESOURC,0.54
5-Jul-19,SERVICE,0.54
5-Jul-19,TECH,0.23
8-Jul-19,AGRO,0.63
8-Jul-19,CONSUMP,0.19
8-Jul-19,FINCIAL,0.06
8-Jul-19,INDUS,1.64
8-Jul-19,PROPCON,0.02
8-Jul-19,RESOURC,0.1
8-Jul-19,SERVICE,0.06
8-Jul-19,TECH,0.14
9-Jul-19,AGRO, -
9-Jul-19,CONSUMP,0.63
9-Jul-19,FINCIAL,0.54
9-Jul-19,INDUS,1.39
9-Jul-19,PROPCON,0.16
9-Jul-19,RESOURC,0.96
9-Jul-19,SERVICE,0.4
9-Jul-19,TECH,0.6
10-Jul-19,AGRO,0.75
10-Jul-19,CONSUMP,0.24
10-Jul-19,FINCIAL,0.67
10-Jul-19,INDUS,0.92
10-Jul-19,PROPCON,0.01
10-Jul-19,RESOURC,1.46
10-Jul-19,SERVICE,1.2
10-Jul-19,TECH,2.23
11-Jul-19,AGRO,0.01
11-Jul-19,CONSUMP,0.26
11-Jul-19,FINCIAL,0.39
11-Jul-19,INDUS,0.03
11-Jul-19,PROPCON,0.28
11-Jul-19,RESOURC,0.38
11-Jul-19,SERVICE,0.24
11-Jul-19,TECH,0.63
12-Jul-19,AGRO,0.42
12-Jul-19,CONSUMP,0.41
12-Jul-19,FINCIAL,0.23
12-Jul-19,INDUS,0.07
12-Jul-19,PROPCON,0.63
12-Jul-19,RESOURC,0.4
12-Jul-19,SERVICE,0.55
12-Jul-19,TECH,1.2
15-Jul-19,AGRO,1.23
15-Jul-19,CONSUMP,0.67
15-Jul-19,FINCIAL,0.24
15-Jul-19,INDUS,0.05
15-Jul-19,PROPCON,0.23
15-Jul-19,RESOURC,0.18
15-Jul-19,SERVICE,0.53
15-Jul-19,TECH,1.33
17-Jul-19,AGRO,0.16
17-Jul-19,CONSUMP,0.16
17-Jul-19,FINCIAL,0.36
17-Jul-19,INDUS,1.39
17-Jul-19,PROPCON,1.43
17-Jul-19,RESOURC,0.75
17-Jul-19,SERVICE,0.25
17-Jul-19,TECH,0.52
18-Jul-19,AGRO,0.02
18-Jul-19,CONSUMP,0.01
18-Jul-19,FINCIAL,0.2
18-Jul-19,INDUS,0.68
18-Jul-19,PROPCON,0.68
18-Jul-19,RESOURC,0.36
18-Jul-19,SERVICE,0.01
18-Jul-19,TECH,0.23
19-Jul-19,AGRO,1.92
19-Jul-19,CONSUMP,0.32
19-Jul-19,FINCIAL,0.54
19-Jul-19,INDUS,0.43
19-Jul-19,PROPCON,0.63
19-Jul-19,RESOURC,0.12
19-Jul-19,SERVICE,0.85
19-Jul-19,TECH,1.09
22-Jul-19,AGRO,1.16
22-Jul-19,CONSUMP,0.65
22-Jul-19,FINCIAL,0.01
22-Jul-19,INDUS,0.46
22-Jul-19,PROPCON,0.04
22-Jul-19,RESOURC,0.14
22-Jul-19,SERVICE,0.99
22-Jul-19,TECH,1.09
23-Jul-19,AGRO,0.09
23-Jul-19,CONSUMP,0.15
23-Jul-19,FINCIAL,0.24
23-Jul-19,INDUS,0.36
23-Jul-19,PROPCON,0.01
23-Jul-19,RESOURC,0.05
23-Jul-19,SERVICE,0.34
23-Jul-19,TECH,1.76
24-Jul-19,AGRO,0.33
24-Jul-19,CONSUMP,1.05
24-Jul-19,FINCIAL,0.06
24-Jul-19,INDUS,0.45
24-Jul-19,PROPCON,0.09
24-Jul-19,RESOURC,0.1
24-Jul-19,SERVICE,0.08
24-Jul-19,TECH,0.97
25-Jul-19,AGRO,0.56
25-Jul-19,CONSUMP,0.11
25-Jul-19,FINCIAL,0.71
25-Jul-19,INDUS,0.93
25-Jul-19,PROPCON,0.14
25-Jul-19,RESOURC,0.21
25-Jul-19,SERVICE,0.27
25-Jul-19,TECH,0.12
26-Jul-19,AGRO,0.13
26-Jul-19,CONSUMP,0.01
26-Jul-19,FINCIAL,0.95
26-Jul-19,INDUS,1.67
26-Jul-19,PROPCON,0.87
26-Jul-19,RESOURC,0.71
26-Jul-19,SERVICE,0.59
26-Jul-19,TECH,0.74
30-Jul-19,AGRO,1.46
30-Jul-19,CONSUMP,0.76
30-Jul-19,FINCIAL,1.04
30-Jul-19,INDUS,0.07
30-Jul-19,PROPCON,1.11
30-Jul-19,RESOURC,0.62
30-Jul-19,SERVICE,0.32
30-Jul-19,TECH,0.26
31-Jul-19,AGRO,0.56
31-Jul-19,CONSUMP,0.06
31-Jul-19,FINCIAL,0.86
31-Jul-19,INDUS,0.48
31-Jul-19,PROPCON,0.25
31-Jul-19,RESOURC,0.2
31-Jul-19,SERVICE,0.17
31-Jul-19,TECH,0.03
1-Aug-19,AGRO,1.44
1-Aug-19,CONSUMP,0.47
1-Aug-19,FINCIAL,0.66
1-Aug-19,INDUS,0.8
1-Aug-19,PROPCON,0.74
1-Aug-19,RESOURC,0.43
1-Aug-19,SERVICE,0.64
1-Aug-19,TECH,1.1
2-Aug-19,AGRO,0.71
2-Aug-19,CONSUMP,0.5
2-Aug-19,FINCIAL,0.13
2-Aug-19,INDUS,2.79
2-Aug-19,PROPCON,0.88
2-Aug-19,RESOURC,1.8
2-Aug-19,SERVICE,0.35
2-Aug-19,TECH,0.64
5-Aug-19,AGRO,0.71
5-Aug-19,CONSUMP,0.4
5-Aug-19,FINCIAL,1.52
5-Aug-19,INDUS,0.5
5-Aug-19,PROPCON,0.83
5-Aug-19,RESOURC,0.79
5-Aug-19,SERVICE,1.24
5-Aug-19,TECH,1.87
6-Aug-19,AGRO,0.09
6-Aug-19,CONSUMP,1.08
6-Aug-19,FINCIAL,0.11
6-Aug-19,INDUS,1.31
6-Aug-19,PROPCON,0.04
6-Aug-19,RESOURC,0.18
6-Aug-19,SERVICE,0.4
6-Aug-19,TECH,3.21
7-Aug-19,AGRO,0.05
7-Aug-19,CONSUMP,0.64
7-Aug-19,FINCIAL,1.06
7-Aug-19,INDUS,0.59
7-Aug-19,PROPCON,0.31
7-Aug-19,RESOURC,0.78
7-Aug-19,SERVICE,0.28
7-Aug-19,TECH,1.43
8-Aug-19,AGRO,0.86
8-Aug-19,CONSUMP,0.27
8-Aug-19,FINCIAL,1.37
8-Aug-19,INDUS,1.06
8-Aug-19,PROPCON,0.3
8-Aug-19,RESOURC,1.03
8-Aug-19,SERVICE,0.84
8-Aug-19,TECH,0.06
9-Aug-19,AGRO,1.39
9-Aug-19,CONSUMP,0.36
9-Aug-19,FINCIAL,1.28
9-Aug-19,INDUS,0.1
9-Aug-19,PROPCON,0.48
9-Aug-19,RESOURC,0.66
9-Aug-19,SERVICE,1.17
9-Aug-19,TECH,0.46
13-Aug-19,AGRO,1.47
13-Aug-19,CONSUMP,1.18
13-Aug-19,FINCIAL,1.57
13-Aug-19,INDUS,1.83
13-Aug-19,PROPCON,1.79
13-Aug-19,RESOURC,2.23
13-Aug-19,SERVICE,2.44
13-Aug-19,TECH,0.23
14-Aug-19,AGRO,1.07
14-Aug-19,CONSUMP,0.21
14-Aug-19,FINCIAL,2.58
14-Aug-19,INDUS,1.21
14-Aug-19,PROPCON,0.27
14-Aug-19,RESOURC,0.62
14-Aug-19,SERVICE, -
14-Aug-19,TECH,0.59
15-Aug-19,AGRO,0.49
15-Aug-19,CONSUMP,0.83
15-Aug-19,FINCIAL,0.74
15-Aug-19,INDUS,0.93
15-Aug-19,PROPCON,1.27
15-Aug-19,RESOURC,1.41
15-Aug-19,SERVICE,0.24
15-Aug-19,TECH,2.59
16-Aug-19,AGRO,2.08
16-Aug-19,CONSUMP,0.66
16-Aug-19,FINCIAL,2.54
16-Aug-19,INDUS,0.98
16-Aug-19,PROPCON,1.39
16-Aug-19,RESOURC,1.48
16-Aug-19,SERVICE,1.46
16-Aug-19,TECH,2.17
19-Aug-19,AGRO,0.08
19-Aug-19,CONSUMP,0.04
19-Aug-19,FINCIAL,0.67
19-Aug-19,INDUS,0.98
19-Aug-19,PROPCON,0.1
19-Aug-19,RESOURC,0.44
19-Aug-19,SERVICE,0.71
19-Aug-19,TECH,0.52
20-Aug-19,AGRO,0.02
20-Aug-19,CONSUMP,0.52
20-Aug-19,FINCIAL,1.25
20-Aug-19,INDUS,2.16
20-Aug-19,PROPCON,0.82
20-Aug-19,RESOURC,0.87
20-Aug-19,SERVICE,0.58
20-Aug-19,TECH,0.45
21-Aug-19,AGRO,0.79
21-Aug-19,CONSUMP,0.7
21-Aug-19,FINCIAL,0.11
21-Aug-19,INDUS,0.62
21-Aug-19,PROPCON,0.35
21-Aug-19,RESOURC,1.33
21-Aug-19,SERVICE,0.82
21-Aug-19,TECH,1.56
22-Aug-19,AGRO,0.49
22-Aug-19,CONSUMP,0.12
22-Aug-19,FINCIAL,0.3
22-Aug-19,INDUS,3.1
22-Aug-19,PROPCON,0.11
22-Aug-19,RESOURC,0.62
22-Aug-19,SERVICE,0.11
22-Aug-19,TECH,0.83
23-Aug-19,AGRO,0.46
23-Aug-19,CONSUMP,0.42
23-Aug-19,FINCIAL,0.66
23-Aug-19,INDUS,0.45
23-Aug-19,PROPCON,0.57
23-Aug-19,RESOURC,0.8
23-Aug-19,SERVICE,0.97
23-Aug-19,TECH,1.33
26-Aug-19,AGRO,1.36
26-Aug-19,CONSUMP,0.68
26-Aug-19,FINCIAL,1.12
26-Aug-19,INDUS,4.23
26-Aug-19,PROPCON,1.29
26-Aug-19,RESOURC,2.27
26-Aug-19,SERVICE,0.79
26-Aug-19,TECH,1.05
27-Aug-19,AGRO,0.11
27-Aug-19,CONSUMP,0.48
27-Aug-19,FINCIAL,0.74
27-Aug-19,INDUS,0.23
27-Aug-19,PROPCON,0.07
27-Aug-19,RESOURC,0.5
27-Aug-19,SERVICE,0.31
27-Aug-19,TECH,1.3
28-Aug-19,AGRO,0.34
28-Aug-19,CONSUMP,0.27
28-Aug-19,FINCIAL,0.26
28-Aug-19,INDUS,0.92
28-Aug-19,PROPCON,0.23
28-Aug-19,RESOURC,0.49
28-Aug-19,SERVICE,0.33
28-Aug-19,TECH,0.16
29-Aug-19,AGRO,0.03
29-Aug-19,CONSUMP,0.03
29-Aug-19,FINCIAL,1.65
29-Aug-19,INDUS,3.42
29-Aug-19,PROPCON,0.88
29-Aug-19,RESOURC,3.14
29-Aug-19,SERVICE,0.49
29-Aug-19,TECH,0.34
30-Aug-19,AGRO,0.14
30-Aug-19,CONSUMP,0.37
30-Aug-19,FINCIAL,1.23
30-Aug-19,INDUS,1.12
30-Aug-19,PROPCON,0.71
30-Aug-19,RESOURC,1.78
30-Aug-19,SERVICE,0.63
30-Aug-19,TECH,0.54
2-Sep-19,AGRO,0.04
2-Sep-19,CONSUMP,1.42
2-Sep-19,FINCIAL,0.4
2-Sep-19,INDUS,1.12
2-Sep-19,PROPCON,0.07
2-Sep-19,RESOURC,0.01
2-Sep-19,SERVICE,0.27
2-Sep-19,TECH,0.33
3-Sep-19,AGRO,1.09
3-Sep-19,CONSUMP,0.85
3-Sep-19,FINCIAL,1.43
3-Sep-19,INDUS,1.1
3-Sep-19,PROPCON,0.66
3-Sep-19,RESOURC,0.34
3-Sep-19,SERVICE,0.89
3-Sep-19,TECH,0.33
4-Sep-19,AGRO,1.41
4-Sep-19,CONSUMP,0.37
4-Sep-19,FINCIAL,0.48
4-Sep-19,INDUS,1.06
4-Sep-19,PROPCON,0.7
4-Sep-19,RESOURC,0.77
4-Sep-19,SERVICE,2.17
4-Sep-19,TECH,0.89
5-Sep-19,AGRO,0.75
5-Sep-19,CONSUMP,0.46
5-Sep-19,FINCIAL,0.75
5-Sep-19,INDUS,0.37
5-Sep-19,PROPCON,0.6
5-Sep-19,RESOURC,1.45
5-Sep-19,SERVICE,0.05
5-Sep-19,TECH,0.9
6-Sep-19,AGRO,0.64
6-Sep-19,CONSUMP,0.04
6-Sep-19,FINCIAL,0.13
6-Sep-19,INDUS,0.07
6-Sep-19,PROPCON,0.34
6-Sep-19,RESOURC,0.11
6-Sep-19,SERVICE,0.1
6-Sep-19,TECH,0.64
9-Sep-19,AGRO,0.35
9-Sep-19,CONSUMP,0.27
9-Sep-19,FINCIAL,0.05
9-Sep-19,INDUS,0.29
9-Sep-19,PROPCON,0.23
9-Sep-19,RESOURC,0.63
9-Sep-19,SERVICE,0.2
9-Sep-19,TECH,0.86
10-Sep-19,AGRO,1.69
10-Sep-19,CONSUMP,0.55
10-Sep-19,FINCIAL,0.89
10-Sep-19,INDUS,0.4
10-Sep-19,PROPCON,0.27
10-Sep-19,RESOURC,0.27
10-Sep-19,SERVICE,0.45
10-Sep-19,TECH,2.2
11-Sep-19,AGRO,0.62
11-Sep-19,CONSUMP,0.34
11-Sep-19,FINCIAL,1.85
11-Sep-19,INDUS,2.64
11-Sep-19,PROPCON,0.48
11-Sep-19,RESOURC,0.21
11-Sep-19,SERVICE,0.03
11-Sep-19,TECH,0.22
12-Sep-19,AGRO,0.47
12-Sep-19,CONSUMP,0.08
12-Sep-19,FINCIAL,0.39
12-Sep-19,INDUS,0.77
12-Sep-19,PROPCON,0.15
12-Sep-19,RESOURC,0.92
12-Sep-19,SERVICE,1.43
12-Sep-19,TECH,1.88
13-Sep-19,AGRO,0.2
13-Sep-19,CONSUMP,0.1
13-Sep-19,FINCIAL,0.48
13-Sep-19,INDUS,0.19
13-Sep-19,PROPCON,0.33
13-Sep-19,RESOURC,0.37
13-Sep-19,SERVICE,0.37
13-Sep-19,TECH,0.95
16-Sep-19,AGRO,0.85
16-Sep-19,CONSUMP,0.03
16-Sep-19,FINCIAL,1.27
16-Sep-19,INDUS,0.58
16-Sep-19,PROPCON,0.85
16-Sep-19,RESOURC,1.7
16-Sep-19,SERVICE,0.21
16-Sep-19,TECH,0.15
17-Sep-19,AGRO,0.97
17-Sep-19,CONSUMP,0.07
17-Sep-19,FINCIAL,0.12
17-Sep-19,INDUS,1.06
17-Sep-19,PROPCON,0.91
17-Sep-19,RESOURC,0.88
17-Sep-19,SERVICE,0.17
17-Sep-19,TECH,0.64
18-Sep-19,AGRO,0.04
18-Sep-19,CONSUMP,0.24
18-Sep-19,FINCIAL,0.5
18-Sep-19,INDUS,4.94
18-Sep-19,PROPCON,0.01
18-Sep-19,RESOURC,1.97
18-Sep-19,SERVICE,0.06
18-Sep-19,TECH,0.37
19-Sep-19,AGRO,1.72
19-Sep-19,CONSUMP,0.81
19-Sep-19,FINCIAL,0.27
19-Sep-19,INDUS,0.69
19-Sep-19,PROPCON,0.5
19-Sep-19,RESOURC,1.38
19-Sep-19,SERVICE,0.29
19-Sep-19,TECH,1.64
20-Sep-19,AGRO,0.03
20-Sep-19,CONSUMP,0.38
20-Sep-19,FINCIAL,0.36
20-Sep-19,INDUS,1.06
20-Sep-19,PROPCON,0.54
20-Sep-19,RESOURC,0.3
20-Sep-19,SERVICE,0.4
20-Sep-19,TECH,0.11
23-Sep-19,AGRO,0.22
23-Sep-19,CONSUMP,0.63
23-Sep-19,FINCIAL,1.24
23-Sep-19,INDUS,0.23
23-Sep-19,PROPCON,0.29
23-Sep-19,RESOURC,0.06
23-Sep-19,SERVICE,0.95
23-Sep-19,TECH,3.28
24-Sep-19,AGRO,0.8
24-Sep-19,CONSUMP,0.11
24-Sep-19,FINCIAL,0.08
24-Sep-19,INDUS,0.63
24-Sep-19,PROPCON,0.19
24-Sep-19,RESOURC,0.95
24-Sep-19,SERVICE,0.17
24-Sep-19,TECH,1.52
25-Sep-19,AGRO,0.45
25-Sep-19,CONSUMP,0.1
25-Sep-19,FINCIAL,0.44
25-Sep-19,INDUS,0.27
25-Sep-19,PROPCON,0.27
25-Sep-19,RESOURC,0.68
25-Sep-19,SERVICE,0.11
25-Sep-19,TECH,0.66
26-Sep-19,AGRO,0.75
26-Sep-19,CONSUMP,0.03
26-Sep-19,FINCIAL,0.03
26-Sep-19,INDUS,0.89
26-Sep-19,PROPCON,0.07
26-Sep-19,RESOURC,0.82
26-Sep-19,SERVICE,0.36
26-Sep-19,TECH,1.32
27-Sep-19,AGRO,0.49
27-Sep-19,CONSUMP,0.14
27-Sep-19,FINCIAL,0.44
27-Sep-19,INDUS,0.03
27-Sep-19,PROPCON,0.3
27-Sep-19,RESOURC,0.11
27-Sep-19,SERVICE,0.81
27-Sep-19,TECH,0.54
30-Sep-19,AGRO,0.12
30-Sep-19,CONSUMP,0.02
30-Sep-19,FINCIAL,1.03
30-Sep-19,INDUS,0.92
30-Sep-19,PROPCON,0.66
30-Sep-19,RESOURC,0.04
30-Sep-19,SERVICE,0.11
30-Sep-19,TECH,0.59
1-Oct-19,AGRO,0.78
1-Oct-19,CONSUMP,0.54
1-Oct-19,FINCIAL,0.48
1-Oct-19,INDUS,1.34
1-Oct-19,PROPCON,0.44
1-Oct-19,RESOURC,1.05
1-Oct-19,SERVICE,0.88
1-Oct-19,TECH,0.84
2-Oct-19,AGRO,0.51
2-Oct-19,CONSUMP,0.34
2-Oct-19,FINCIAL,1.42
2-Oct-19,INDUS,1.17
2-Oct-19,PROPCON,0.58
2-Oct-19,RESOURC,0.29
2-Oct-19,SERVICE,0.68
2-Oct-19,TECH,0.13
3-Oct-19,AGRO,0.22
3-Oct-19,CONSUMP,0.29
3-Oct-19,FINCIAL,0.29
3-Oct-19,INDUS,0.56
3-Oct-19,PROPCON,0.95
3-Oct-19,RESOURC,0.2
3-Oct-19,SERVICE,0.12
3-Oct-19,TECH,0.53
4-Oct-19,AGRO,0.61
4-Oct-19,CONSUMP,0.34
4-Oct-19,FINCIAL,0.43
4-Oct-19,INDUS,0.46
4-Oct-19,PROPCON,0.31
4-Oct-19,RESOURC,0.24
4-Oct-19,SERVICE,0.4
4-Oct-19,TECH,0.36
7-Oct-19,AGRO,0.57
7-Oct-19,CONSUMP,0.12
7-Oct-19,FINCIAL,0.83
7-Oct-19,INDUS,0.6
7-Oct-19,PROPCON,0.2
7-Oct-19,RESOURC,0.94
7-Oct-19,SERVICE,0.49
7-Oct-19,TECH,0.24
8-Oct-19,AGRO,0.53
8-Oct-19,CONSUMP,0.48
8-Oct-19,FINCIAL,0.26
8-Oct-19,INDUS,0.23
8-Oct-19,PROPCON,0.15
8-Oct-19,RESOURC,0.19
8-Oct-19,SERVICE,0.19
8-Oct-19,TECH,1.04
9-Oct-19,AGRO,0.53
9-Oct-19,CONSUMP,0.2
9-Oct-19,FINCIAL,0.43
9-Oct-19,INDUS,0.19
9-Oct-19,PROPCON,0.33
9-Oct-19,RESOURC,0.65
9-Oct-19,SERVICE,0.15
9-Oct-19,TECH,0.36
10-Oct-19,AGRO,0.53
10-Oct-19,CONSUMP,0.47
10-Oct-19,FINCIAL,0.67
10-Oct-19,INDUS,0.44
10-Oct-19,PROPCON,0.65
10-Oct-19,RESOURC,0.76
10-Oct-19,SERVICE,0.33
10-Oct-19,TECH,0.26
11-Oct-19,AGRO,0.77
11-Oct-19,CONSUMP,0.09
11-Oct-19,FINCIAL,0.88
11-Oct-19,INDUS,1.38
11-Oct-19,PROPCON,0.33
11-Oct-19,RESOURC,2.06
11-Oct-19,SERVICE,0.94
11-Oct-19,TECH,1.46
15-Oct-19,AGRO,0.03
15-Oct-19,CONSUMP,0.66
15-Oct-19,FINCIAL,0.02
15-Oct-19,INDUS,0.8
15-Oct-19,PROPCON,0.18
15-Oct-19,RESOURC,0.09
15-Oct-19,SERVICE,0.05
15-Oct-19,TECH,0.78
16-Oct-19,AGRO,1.09
16-Oct-19,CONSUMP,0.07
16-Oct-19,FINCIAL,0.53
16-Oct-19,INDUS,1.34
16-Oct-19,PROPCON,0.25
16-Oct-19,RESOURC,0.37
16-Oct-19,SERVICE,0.78
16-Oct-19,TECH,0.41
17-Oct-19,AGRO,0.63
17-Oct-19,CONSUMP,0.41
17-Oct-19,FINCIAL,0.24
17-Oct-19,INDUS,2.81
17-Oct-19,PROPCON,0.43
17-Oct-19,RESOURC,0.43
17-Oct-19,SERVICE,0.16
17-Oct-19,TECH,0.65
18-Oct-19,AGRO,0.25
18-Oct-19,CONSUMP,0.25
18-Oct-19,FINCIAL,0.02
18-Oct-19,INDUS,0.17
18-Oct-19,PROPCON,0.44
18-Oct-19,RESOURC,0.01
18-Oct-19,SERVICE,0.05
18-Oct-19,TECH,0.01
21-Oct-19,AGRO,0.29
21-Oct-19,CONSUMP,0.46
21-Oct-19,FINCIAL,0.81
21-Oct-19,INDUS,0.71
21-Oct-19,PROPCON,0.68
21-Oct-19,RESOURC,0.75
21-Oct-19,SERVICE,0.9
21-Oct-19,TECH,0.25
22-Oct-19,AGRO,1.05
22-Oct-19,CONSUMP,0.21
22-Oct-19,FINCIAL,0.49
22-Oct-19,INDUS,0.44
22-Oct-19,PROPCON,0.41
22-Oct-19,RESOURC,1.65
22-Oct-19,SERVICE,0.37
22-Oct-19,TECH,0.36
24-Oct-19,AGRO,1.29
24-Oct-19,CONSUMP,0.95
24-Oct-19,FINCIAL,3.05
24-Oct-19,INDUS,1.63
24-Oct-19,PROPCON,0.92
24-Oct-19,RESOURC,0.31
24-Oct-19,SERVICE,0.15
24-Oct-19,TECH,0.08
25-Oct-19,AGRO,1.85
25-Oct-19,CONSUMP,0.63
25-Oct-19,FINCIAL,0.78
25-Oct-19,INDUS,2.77
25-Oct-19,PROPCON,1.99
25-Oct-19,RESOURC,1.77
25-Oct-19,SERVICE,1.97
25-Oct-19,TECH,1.38
28-Oct-19,AGRO,0.29
28-Oct-19,CONSUMP,0.33
28-Oct-19,FINCIAL,0.04
28-Oct-19,INDUS,1.34
28-Oct-19,PROPCON,0.04
28-Oct-19,RESOURC,0.19
28-Oct-19,SERVICE,0.74
28-Oct-19,TECH,0.06
29-Oct-19,AGRO,0.25
29-Oct-19,CONSUMP,0.63
29-Oct-19,FINCIAL,0.62
29-Oct-19,INDUS,0.7
29-Oct-19,PROPCON,0.27
29-Oct-19,RESOURC,1.32
29-Oct-19,SERVICE,0.3
29-Oct-19,TECH,0.79
30-Oct-19,AGRO,0.72
30-Oct-19,CONSUMP,0.11
30-Oct-19,FINCIAL,2.2
30-Oct-19,INDUS,2.67
30-Oct-19,PROPCON,0.32
30-Oct-19,RESOURC,0.51
30-Oct-19,SERVICE,0.28
30-Oct-19,TECH,0.43
31-Oct-19,AGRO,1.56
31-Oct-19,CONSUMP,0.53
31-Oct-19,FINCIAL,0.66
31-Oct-19,INDUS,0.21
31-Oct-19,PROPCON,0.15
31-Oct-19,RESOURC,0.19
31-Oct-19,SERVICE,0.07
31-Oct-19,TECH,1.87
